<application>
  <component name="ProjectManager">
    <defaultProject>
      <component name="PropertiesComponent">{
  &quot;keyToString&quot;: {
    &quot;settings.editor.selected.configurable&quot;: &quot;reference.settingsdialog.IDE.editor.colors&quot;
  }
}</component>
      <component name="TaskManager">
        <task active="true" id="Default" summary="Default task">
          <created>1744196445072</created>
          <option name="number" value="Default" />
          <option name="presentableId" value="Default" />
          <updated>1744196445072</updated>
        </task>
        <servers />
      </component>
      <component name="VcsDirectoryMappings" defaultProject="true" />
      <component name="WindowStateProjectService">
        <state x="500" y="227" key="#com.intellij.openapi.updateSettings.impl.PluginUpdateInfoDialog" timestamp="1744816703920">
          <screen x="0" y="44" width="1800" height="1125" />
        </state>
        <state x="500" y="227" key="#com.intellij.openapi.updateSettings.impl.PluginUpdateInfoDialog/0.44.1800.1125" timestamp="1744816703920" />
        <state x="409" y="166" key="SettingsEditor" timestamp="1744814995425">
          <screen x="0" y="44" width="1800" height="1125" />
        </state>
        <state x="409" y="166" key="SettingsEditor/0.44.1800.1125" timestamp="1744814995425" />
      </component>
    </defaultProject>
  </component>
</application>