<application>
  <component name="DimensionService">
    <size key="GridCell.Tab.0.left.0.0.3600.2338@192dpi" width="3516" height="684" />
    <size key="GridCell.Tab.0.center.0.0.3600.2338@192dpi" width="3516" height="684" />
    <size key="GridCell.Tab.0.right.0.0.3600.2338@192dpi" width="3516" height="684" />
    <size key="GridCell.Tab.0.bottom.0.0.3600.2338@192dpi" width="3516" height="684" />
  </component>
  <component name="WindowManager">
    <frame x="0" y="34" width="1796" height="1125" extendedState="6" />
  </component>
  <component name="WindowStateApplicationService">
    <state x="900" y="527" width="800" height="650" key="WELCOME_SCREEN" timestamp="1744816726547">
      <screen x="0" y="44" width="1800" height="1125" />
    </state>
    <state x="900" y="527" width="800" height="650" key="WELCOME_SCREEN/0.44.1800.1125" timestamp="1744816726547" />
    <state x="415" y="451" key="ide.config.custom.settings" timestamp="1744119811212">
      <screen x="0" y="44" width="1800" height="1125" />
    </state>
    <state x="415" y="451" key="ide.config.custom.settings/0.44.1800.1125" timestamp="1744119811212" />
  </component>
</application>